2019-09-29 16:44:06,torrentwal,놀면 뭐하니 #10 190928 HDTV x264 1080p AAC   nature boy.mp4,magnet:?xt=urn:btih:83300294567EC58BCFB95B86B95AE47C0BD5CFE5,뭐하니
2019-09-29 16:44:06,torrentwal,일로 만난 사이.E05.190928.720p NEXT.mp4,magnet:?xt=urn:btih:72D6CE22B0A5FF74E0C399AFCDF85FE4C6B80E7E,일로 만난 사이
2019-09-29 16:44:06,torrentwal,놀면 뭐하니.E10.190928.720p NEXT.mp4,magnet:?xt=urn:btih:5F2252AECBDC2EAB14B686BA40FCC1E17D53E047,뭐하니
2019-09-29 16:44:06,torrentwal,놀면 뭐하니.E10.190928.720p NEXT.mp4,magnet:?xt=urn:btih:05C34E7250FE9D30F7A66BA8064846569BA494B8,뭐하니
2019-09-29 16:44:06,torrentwal,나 혼자 산다.E313.190927.720p NEXT.mp4,magnet:?xt=urn:btih:6DB446840B876EB8E7E9087419F82DBC64285BCE,나 혼자 산다
2019-09-29 16:44:06,torrentwal,그것이 알고 싶다.E1184.190928.악마의 시그니쳐   화성연쇄살인사건 1부.720p NEXT.mp4,magnet:?xt=urn:btih:E73F92841CF34D9E95FE7BD10344301533488CAC,그것이 알고 싶다
2019-09-29 16:44:06,torrentwal,그것이 알고 싶다.E1184.190928.720p NEXT.mp4,magnet:?xt=urn:btih:3929FA5BA1ECDF57F13236F0B988554E472DC69C,그것이 알고 싶다
2019-09-29 16:44:51,torrentwal,마이 리틀 텔레비전 V2.E26.190927.720p NEXT.mp4,magnet:?xt=urn:btih:F3788621CC316324F667306AC16BB7FCDFBE5B9D,텔레비전
2019-09-29 16:44:51,torrentwal,뭉쳐야 찬다.E15.190926.720p NEXT.mp4,magnet:?xt=urn:btih:8804919167D2CE0A80C7DBEA2FAD5BA72ACDD033,뭉쳐야
2019-09-29 16:44:51,torrentwal,라디오스타.E636.190925.720p NEXT.mp4,magnet:?xt=urn:btih:17189DA292037A2C9A2BA0B657605792C2DE067E,라디오스타
2019-09-29 16:44:51,torrentwal,백종원의 골목식당.E85.190925.720p NEXT.mp4,magnet:?xt=urn:btih:902AED93F2FD07A43EDD718DC42B2D89E5C37ADC,백종원의 골목식당
2019-09-29 16:44:51,torrentwal,캠핑클럽.E10.190922.720p NEXT.mp4,magnet:?xt=urn:btih:B3DF22EE2552B04C76B0B91D50C221CD05FBBA37,캠핑클럽
2019-09-29 16:44:51,torrentwal,미운 우리 새끼.E157.190922.720p NEXT,magnet:?xt=urn:btih:F27C6BB892CFEA3E5070B5456E5EE5BDFED57D83,미운 우리 새끼
2019-09-29 16:44:51,torrentwal,놀면 뭐하니 #09 190921 HDTV x264 1080p AAC   nature boy.mp4,magnet:?xt=urn:btih:C955BF9C8B476183DF16D51FA6B930E9CB192492,뭐하니
2019-09-29 16:44:51,torrentwal,일로 만난 사이.E04.190921.720p NEXT.mp4,magnet:?xt=urn:btih:6EB3C3FAB346EF6F78A51C5B73E9C0542DFCB198,일로 만난 사이
2019-09-29 16:44:51,torrentwal,놀면 뭐하니.E09.190921.720p NEXT.mp4,magnet:?xt=urn:btih:0144554E2C32266ED00292A6C92BDC62BF8B497C,뭐하니
2019-09-29 16:44:51,torrentwal,나 혼자 산다.E312.190920.720p NEXT.mp4,magnet:?xt=urn:btih:BCC0DA4FDBB452A6CBE0FDA08E37BB3E077712ED,나 혼자 산다
2019-09-29 16:44:51,torrentwal,마이 리틀 텔레비전 V2.E25.190920.720p NEXT.mp4,magnet:?xt=urn:btih:BA547D7D930200578EC6E5E47A024C2A1BDAC011,텔레비전
2019-09-29 16:44:51,torrentwal,뭉쳐야 찬다.E14.190919.720p NEXT.mp4,magnet:?xt=urn:btih:C9EC09EFF7E348A8A7B9627E453F6156D2EC97D5,뭉쳐야
2019-09-29 16:44:51,torrentwal,라디오스타.E635.190918.720p NEXT.mp4,magnet:?xt=urn:btih:EFAA5F71D1D58C83DE328ED7032E951CB0415E71,라디오스타
2019-09-29 16:44:51,torrentwal,백종원의 골목식당 (둔촌동).E84.190918.720p NEXT.mp4,magnet:?xt=urn:btih:6D716C19462C816899406BF9975AE692FFFF3BD5,백종원의 골목식당
2019-09-29 16:44:51,torrentwal,백종원의 골목식당 (둔촌동).E84.190918.720p NEXT.mp4,magnet:?xt=urn:btih:C59CCB34BACFD0D1F1A63426C6564622F34DC064,백종원의 골목식당
2019-09-29 16:44:51,torrentwal,미운 우리 새끼.E156.190915.720p NEXT.mp4,magnet:?xt=urn:btih:3F8B388444F508BB2A91E8B8599543665961C135,미운 우리 새끼
2019-09-29 16:44:51,torrentwal,추석특집 놀면 뭐하니.E08.190914.720p NEXT.mp4,magnet:?xt=urn:btih:16A2D7DE7A6F229B30A0B65A53CAB95492B55ADD,뭐하니
2019-09-29 16:44:51,torrentwal,추석특집 미운우리새끼 스페셜 1 2부180925720p NEXT,magnet:?xt=urn:btih:7C04CB45EB688ABFB6BB1EFD7C28F60ABABA98F1,미운 우리 새끼
2019-09-29 16:44:51,torrentwal,추석특집 나 혼자 산다.E311.190913.720p NEXT.mp4,magnet:?xt=urn:btih:A71CA758E44B389F8E0816E314782BA2983D5D64,나 혼자 산다
2019-09-29 16:44:51,torrentwal,그것이 알고 싶다.E1183.190921.720p NEXT.mp4,magnet:?xt=urn:btih:C311FB34D307B3B7B67F8840CB960780442D75C8,그것이 알고 싶다
2019-09-29 16:44:51,torrentwal,그것이 알고 싶다.E800.800회 특집 3부작.1부 사라진 악마를 찾아서 화성연쇄살인사건.110507.HDTV.720p.X264 KaRot.H.mp4,magnet:?xt=urn:btih:F6EFB5EFD91E74BDD10025E63DF7DCC084E5F38A,그것이 알고 싶다
2019-09-29 16:44:51,torrentwal,"이규연의 스포트라이트.E212.190905.'1급 살인' 고유정 재판!,720p NEXT.mp4",magnet:?xt=urn:btih:4E7FB6EEB6E30B9059DA5E47D69A45D1FD138740,스포트라이트
2019-09-29 16:44:51,torrentwal,SBS 스페셜.E586.190908.720p NEXT.mp4,magnet:?xt=urn:btih:5B741344DF04983919E9F43E8A25A51D91029F91,SBS 스페셜
2019-09-29 16:44:51,torrentwal,그것이 알고 싶다.E1182.190907.720p NEXT.mp4,magnet:?xt=urn:btih:D45138A8AFE7DC95B17BDC84E97BA090D0ACFF0F,그것이 알고 싶다
2019-09-29 23:30:03,torrentwal,캠핑클럽.E11.190929.720p NEXT.mp4,magnet:?xt=urn:btih:36903CA09569A76B0161A30715D276E1F584BF1E,캠핑클럽
2019-09-29 23:40:06,torrentwal,미운 우리 새끼.E158.190929.720p NEXT.mp4,magnet:?xt=urn:btih:FBF4D39B40F245EF1454271575D4358767F9D6F2,미운 우리 새끼
2019-10-02 02:00:03,torrentwal,PD수첩.E1212.191001.720p NEXT.mp4,magnet:?xt=urn:btih:0E1B5C06F2BB9B5D6C86BEF09017D9420759E309,PD 수첩
2019-10-03 02:00:03,torrentwal,라디오스타.E637.191002.720p NEXT.mp4,magnet:?xt=urn:btih:5EBFDC24A2BE137FF247CA2BAAEF8BA8AEE3D010,라디오스타
2019-10-03 02:10:05,torrentwal,백종원의 골목식당.E86.191002.720p NEXT.mp4,magnet:?xt=urn:btih:248A091520EE71AE73D7584A2D681C37FF7DF9AC,백종원의 골목식당
2019-10-05 00:20:03,torrentwal,마이 리틀 텔레비전 V2.E27.191004.720p NEXT.mp4,magnet:?xt=urn:btih:DB31407AE7AD7EA556731D138BCBEA0989B44B42,텔레비전
2019-10-05 02:10:03,torrentwal,마이 리틀 텔레비전 V2 E26 E27.1080i H264,magnet:?xt=urn:btih:C3A5EBC3C7741161B536107EB850BD8FB10C79F1,텔레비전
2019-10-05 02:30:03,torrentwal,나 혼자 산다.E314.191004.720p NEXT.mp4,magnet:?xt=urn:btih:E8A8EF6F5D065C1B6F2F9600C0EE58836FA6B286,나 혼자 산다
2019-10-05 20:50:03,torrentwal,놀면 뭐하니.E11.191005.720p NEXT.mp4,magnet:?xt=urn:btih:C477C4BA87F51E9C7CCB5BBA3A7631092DF3968F,뭐하니
2019-10-06 01:00:03,torrentwal,일로 만난 사이.E06.191005.720p NEXT,magnet:?xt=urn:btih:EDA712AF9EF06E8BD3384CBB22C73B94D331F1CE,일로 만난 사이
2019-10-06 01:50:03,torrentwal,그것이 알고 싶다.E1185.191005.720p NEXT.mp4,magnet:?xt=urn:btih:B194A1373260813DF844E2F6183514D47C877D65,그것이 알고 싶다
2019-10-06 02:00:03,torrentwal,그것이 알고 싶다.E1185.191005.악마의 얼굴   화성연쇄살인사건 2부.720p NEXT.mp4,magnet:?xt=urn:btih:574AEC5194C21127D664CB15D062B2C8AA1A26E3,그것이 알고 싶다
2019-10-06 16:50:03,torrentwal,"이규연의 스포트라이트.E215.191003.검은 저항, 홍콩 가다.720p NEXT.mp4",magnet:?xt=urn:btih:3882CBA6BF4E2C1C994C822926139A0545C8C986,스포트라이트
2019-10-07 00:40:03,torrentwal,미운 우리 새끼.E159.191006.720p NEXT.mp4,magnet:?xt=urn:btih:A7D2AA52CC4374800DE981A5AFAD631E82E1F33B,미운 우리 새끼
2019-10-10 02:00:03,torrentwal,백종원의 골목식당.E87.191009.720p NEXT.mp4,magnet:?xt=urn:btih:447021993B0E0062019C725EEA323B71291697E6,백종원의 골목식당
2019-10-10 02:00:03,torrentwal,라디오스타.E638.191009.720p NEXT.mp4,magnet:?xt=urn:btih:23EEDC9ED3D323228B1274E3B77916D56CEF25D7,라디오스타
2019-10-12 00:00:03,torrentwal,마이 리틀 텔레비전 V2.E28.191011.720p NEXT.mp4,magnet:?xt=urn:btih:9E7533C1A7B01ADF623F4B4F3019748DC954C37E,텔레비전
2019-10-12 02:00:03,torrentwal,나 혼자 산다.E315.191011.720p NEXT.mp4,magnet:?xt=urn:btih:0D60959153327409D3DCDC547B87A06111AE015E,나 혼자 산다
2019-10-12 20:10:03,torrentwal,놀면 뭐하니.E12.191012.720p NEXT,magnet:?xt=urn:btih:7401A0113FD28281B6A8CA029B7E90BAA728466E,뭐하니
2019-10-12 22:50:05,torrentwal,놀면 뭐하니 #12 191012 HDTV x264 1080p AAC   nature boy.mp4,magnet:?xt=urn:btih:A11CBC8D873F4B29BBACBAAA8202442836B5A9ED,뭐하니
2019-10-13 01:10:05,torrentwal,일로 만난 사이.E07.191012.720p NEXT.mp4,magnet:?xt=urn:btih:6AA9CC11C1C011457BA4A8BED94C8005C988DB90,일로 만난 사이
2019-10-13 02:00:03,torrentwal,그것이 알고 싶다.E1186.191012.720p NEXT.mp4,magnet:?xt=urn:btih:4ED3FB20F405069E2A5EE7390390AA7591912BDA,그것이 알고 싶다
2019-10-13 23:30:03,torrentwal,미운 우리 새끼.E160.191013.720p NEXT,magnet:?xt=urn:btih:33DA3220B547C6EA76B76416B474B3BE7FB63FB5,미운 우리 새끼
2019-10-17 01:30:03,torrentwal,라디오스타.E639.191016.720p NEXT.mp4,magnet:?xt=urn:btih:40B52EDF0244D6A337C18C8DF7DEE69622B47776,라디오스타
2019-10-17 01:40:04,torrentwal,백종원의 골목식당.E88.191016.720p NEXT.mp4,magnet:?xt=urn:btih:5380AB02ADB3B1E332D7EBC4535BC2BA0491FB47,백종원의 골목식당
2019-10-18 00:10:03,torrentwal,이규연의 스포트라이트.E217.191017.720p NEXT.mp4,magnet:?xt=urn:btih:32587200C8D1D7268448F740561542141011A956,스포트라이트
2019-10-19 01:30:03,torrentwal,나 혼자 산다.E316.191018.720p NEXT.mp4,magnet:?xt=urn:btih:21C22ACC5092ECDB82B60DB9F6FC29D4EC89DFBA,나 혼자 산다
2019-10-19 21:10:04,torrentwal,놀면 뭐하니.E13.191019.720p NEXT.mp4,magnet:?xt=urn:btih:031AE74598B12829D7C98E4D45C332D1E1C97A0F,뭐하니
2019-10-20 01:20:03,torrentwal,일로 만난 사이.E08.191019.720p NEXT.mp4,magnet:?xt=urn:btih:9F97B7074EB669BC6D557D3D50715BC951532BE3,일로 만난 사이
2019-10-20 01:30:04,torrentwal,그것이 알고 싶다.E1187.191019.720p NEXT.mp4,magnet:?xt=urn:btih:B2E5AE6CE819AC3ADB461BB776C7FE8FF4BE81F1,그것이 알고 싶다
2019-10-20 23:50:03,torrentwal,미운 우리 새끼.E161.191020.720p NEXT.mp4,magnet:?xt=urn:btih:BB32764EF4163493D94384AB4A067B55EB6801BD,미운 우리 새끼
2019-10-21 02:10:04,torrentwal,SBS 스페셜.E570.191020.레드 카펫 의전과 권력 사이.720p NEXT.mp4,magnet:?xt=urn:btih:8ACA4B8CE41748BA49094BF41D84068C9DB81FE5,SBS 스페셜
2019-10-22 00:00:03,torrentwal,마이 리틀 텔레비전 V2.E29.191021.720p NEXT.mp4,magnet:?xt=urn:btih:E79191AE17B130C2B74DE63441ABC39D508FDE4C,텔레비전
2019-10-23 00:50:03,torrentwal,PD수첩.E1215.191022.검사 범죄 1부 스폰서 검사와 재벌 변호사.720p NEXT.mp4,magnet:?xt=urn:btih:8690F0AA713926BB2E8C678C40CA8E2769EF034C,PD 수첩
2019-10-24 01:10:03,torrentwal,라디오스타.E640.191023.720p NEXT.mp4,magnet:?xt=urn:btih:FC57BB83F3C564BA95084DBA1E8CEDA695ECAD38,라디오스타
2019-10-24 01:40:03,torrentwal,백종원의 골목식당.E89.191023.720p NEXT.mp4,magnet:?xt=urn:btih:4DE2BE86713473E6BFB9D3BA1689607DD75D02E9,백종원의 골목식당
2019-10-24 23:40:05,torrentwal,이규연의 스포트라이트.E218.191024.암호명! 우리는 브라더.720p NEXT.mp4,magnet:?xt=urn:btih:73E4BD28D58906EB5B2A3C8DA26B8968693CE9CF,스포트라이트
2019-10-26 02:30:03,torrentwal,나 혼자 산다.E317.191025.720p NEXT.mp4,magnet:?xt=urn:btih:EDA48178AC46CBB3B1F38704C64A19C1143D48CB,나 혼자 산다
2019-10-26 21:30:03,torrentwal,놀면 뭐하니.E14.191026.720p NEXT.mp4,magnet:?xt=urn:btih:825B8EDA703E5F7920A6014B15841757A1DC7CF2,뭐하니
2019-10-26 22:50:03,torrentwal,놀면 뭐하니 #14 191026 HDTV x264 1080p AAC   nature boy.mp4,magnet:?xt=urn:btih:17E72E91656CAC1DF9BFB90FBFD334AA7800394D,뭐하니
2019-10-27 01:00:03,torrentwal,특집 그것이 알고 싶다.E1188.191026.720p NEXT.mp4,magnet:?xt=urn:btih:418FE4CA7978872A3C66C10EC68FA6C656C97BCD,그것이 알고 싶다
2019-10-27 01:20:04,torrentwal,특집 그것이 알고 싶다.E1188.191026.720p NEXT.mp4,magnet:?xt=urn:btih:9CE253743CBAACDEE3FBE1B500DBC47C0690E504,그것이 알고 싶다
2019-10-27 02:00:03,torrentwal,일로 만난 사이.E09.191026.720p NEXT.mkv,magnet:?xt=urn:btih:3003A3BD97BBC6E7266D71067FA61536FB4B5878,일로 만난 사이
2019-10-27 21:20:03,torrentwal,일로 만난 사이.E09.191026.720p NEXT.mp4,magnet:?xt=urn:btih:AC4FD2913651430C0E2B5CBB56C61F80069A6C7C,일로 만난 사이
2019-10-28 00:30:03,torrentwal,미운 우리 새끼.E162.191027.720p NEXT.mp4,magnet:?xt=urn:btih:6F954D4D59C763748C52EB4566E9EBE401445377,미운 우리 새끼
2019-10-28 01:20:03,torrentwal,SBS 스페셜.E590.191027.720p NEXT.mp4,magnet:?xt=urn:btih:4C411368A68CC53638A8D2C5898371C53D4596E6,SBS 스페셜
2019-10-29 01:00:03,torrentwal,마이 리틀 텔레비전 V2.E30.191028.720p NEXT.mp4,magnet:?xt=urn:btih:2EC948EE5728E48123377F37E1EFA734E1CC9E64,텔레비전
2019-11-01 01:40:03,torrentwal,백종원의 골목식당.E90.191030.720p NEXT.mp4,magnet:?xt=urn:btih:E4C74A98840CECE5B3CA48388F1856433589CDE2,백종원의 골목식당
2019-11-01 01:40:03,torrentwal,라디오스타.E641.191030.720p NEXT.mp4,magnet:?xt=urn:btih:29376F0B6810AE365B780380FC1B20B4D2098395,라디오스타
2019-11-01 01:40:03,torrentwal,PD수첩.E1216.191029.720p NEXT.mp4,magnet:?xt=urn:btih:6BB4CC7DF7B5017F691176474DB6B3C2E60C5ABC,PD 수첩
2019-11-02 01:40:03,torrentwal,나 혼자 산다.E318.191101.720p NEXT.mp4,magnet:?xt=urn:btih:F9D241E79416FBCED550DC0BE69986AC729C8112,나 혼자 산다
2019-11-02 02:10:03,torrentwal,나 혼자 산다.E318.191101.720p NEXT.mp4,magnet:?xt=urn:btih:BCEBA5E02DC4EACFC81A8CB29459E4BD675B0D7C,나 혼자 산다
2019-11-02 20:20:03,torrentwal,놀면 뭐하니.E15.191102.720p NEXT,magnet:?xt=urn:btih:0875C5C500257D1E7B624A1022C01BC8E41E92A7,뭐하니
2019-11-03 01:50:03,torrentwal,그것이 알고 싶다.E1189.191102.720p NEXT.mp4,magnet:?xt=urn:btih:1A1ADAD33B33193AE720B7F165E53B391216757D,그것이 알고 싶다
2019-11-04 00:40:03,torrentwal,미운 우리 새끼.E163.191103.720p NEXT.mp4,magnet:?xt=urn:btih:A7766156D21A26A737F55EB084D3D611B43A896C,미운 우리 새끼
2019-11-04 01:10:03,torrentwal,SBS 스페셜.E572.191103.720p NEXT.mp4,magnet:?xt=urn:btih:5FBCB781BD3C1E96DE3BF3B23CF63892840CF42C,SBS 스페셜
2019-11-05 00:10:03,torrentwal,마이 리틀 텔레비전 V2.E31.191104.720p NEXT.mp4,magnet:?xt=urn:btih:AB7DC9EAFB6DF81306845D6B3185DFFE98B31C97,텔레비전
2019-11-06 01:40:03,torrentwal,PD수첩   (레고와 고인돌).E1217.191105.H264.720p NEXT.mp4,magnet:?xt=urn:btih:6581663D8D020049882C737311DB4E4562F82BE7,PD 수첩
